<?xml version="1.0" encoding="UTF-8"?>
<!DOCTYPE mapper PUBLIC "-//mybatis.org//DTD Mapper 3.0//EN" "http://mybatis.org/dtd/mybatis-3-mapper.dtd">
 
<mapper namespace="select_Sql">
      <select id="selectBoardList" parameterType="hashmap" resultType="hashmap">
        <![CDATA[
            SELECT
                IDX,
                TITLE,
                CREA_ID AS ID,
                USER_NAME AS NAME,
                CONTENTS,
                HIT_CNT,
                TO_CHAR(CREA_DTM, 'YYYYMMDD') AS CREA_DTM
            FROM
                TB_BOARD
            WHERE
                DEL_GB = 'N'
            ORDER BY IDX DESC
        ]]>
    </select>
    <select id="loginCheckList" parameterType="hashmap" resultType="hashmap">
        <![CDATA[
            SELECT
            	ID,
                NAME,
                AGE,
                EMAIL
            FROM
                TB_MEMBER
            WHERE
                ID = #{userEmail}
            AND PASSWORD = #{userPassword}
        ]]>
    </select>
    <insert id="signUpDao" parameterType="hashmap">
        <![CDATA[
            INSERT INTO TB_MEMBER(SEQ, ID, PASSWORD, NAME, AGE, EMAIL, SEX)
            VALUES (TB_MEMBER_SEQ.NEXTVAL, #{email}, #{password}, #{fullname}, TO_NUMBER(#{age}), #{email}, #{gender})
        ]]>
    </insert>
    <insert id="writeNotice" parameterType="hashmap">
        <![CDATA[
            INSERT INTO TB_BOARD(IDX, TITLE, CONTENTS, CREA_DTM, CREA_ID, HIT_CNT, USER_NAME, AGE)
            VALUES (TB_BOARD_SEQ.NEXTVAL, #{TITLE}, #{CONTENTS}, SYSDATE, #{CREA_ID}, 0, #{USER_NAME}, #{AGE})
        ]]>
    </insert>
    <select id="selectReadNotice" parameterType="hashmap" resultType="hashmap">
        <![CDATA[
            SELECT
                IDX,
                TITLE,
                CREA_ID AS ID,
                USER_NAME AS NAME,
                CONTENTS,
                HIT_CNT,
                TO_CHAR(CREA_DTM, 'YYYYMMDD') AS CREA_DTM
            FROM
                TB_BOARD
            WHERE
                DEL_GB = 'N'
            AND IDX = #{IDX}
            ORDER BY IDX DESC
        ]]>
    </select>
    <select id="selectNoticeCnt" parameterType="hashmap" resultType="hashmap">
        <![CDATA[
            SELECT
                count(*) as NOTICE_CNT
            FROM
                TB_BOARD
            WHERE
                DEL_GB = 'N'
            ORDER BY IDX DESC
        ]]>
    </select>
    <select id="selectNoticeInfoAll" parameterType="hashmap" resultType="hashmap">
        <![CDATA[
        	SELECT * FROM
        		(
		            SELECT ROWNUM AS rn, A.*
		            FROM 
		            (
			            SELECT
			                IDX,
			                TITLE,
			                CREA_ID AS ID,
			                USER_NAME AS NAME,
			                CONTENTS,
			                HIT_CNT,
			                TO_CHAR(CREA_DTM, 'YYYYMMDD') AS CREA_DTM
			            FROM
			                TB_BOARD
			            WHERE
			                DEL_GB = 'N'
			            ORDER BY IDX DESC
			        ) A	         
			   ) A
		    WHERE rn BETWEEN #{startPage} AND #{endPage}
        ]]>
    </select>
</mapper>
