<?xml version="1.0" encoding="UTF-8"?>  
<!-- 템플릿을 정의한다. Sitemesh에서는 템플릿을 decorator 라고 부른다. decorators 에 필요한 속성으로 defaultdir 이라는 속성이 있는데, 이 속성은 decorator의 page가 존재하는 경로를 적는다. -->

<decorators defaultdir="/WEB-INF/views/decorator">
 <!-- 이것은 sitemesh를 사용하지 않을 패턴을 지정한다 sitemesh는 모든 URL을 대상으로 decorator를 조사하는데, 해당하는 url pattern이 나올때까지 전수 조사하게 된다. 많은 URL을 포함하고 있는 프로젝트라면 decorator를 검색하는 시간도 오래 걸리므로 decorator를 사용하지 않는 페이지도 반드시 등록을 해주어야 한다. -->

    <excludes>
      <pattern>/ajax/**</pattern>
    </excludes>
    
    
    <!-- UI Template(Decorator)를 정의한다. 
                페이지의 타이틀과 Template page를 정의한다. 
         pattern에 정의된 URL로 접근할 때 해당하는 Decorator를 보여준다. 
               여러개의 URL에 하나의 Template을 정의하고 싶다면 <pattern>/test/*</pattern> 
               엘리먼트를 아래와 같이 복수개로 정의한다. 
         <pattern>/board/*</pattern> <pattern>/member/*</pattern> <pattern>/photo/*</pattern> -->

    <decorator name="sitemeshSample" page="layout.jsp">
       <pattern>/*</pattern>
       <pattern>/introduce</pattern>  
    </decorator>  
    
    <decorator name="popup" page="popup.jsp"/>
    <decorator name="printable" page="printable.jsp"/>
    <decorator name="printable2" page="printable2.jsp"/>
    <decorator name="help" page="help.jsp"/>
    
</decorators>
